{"inputUnits":[63],"outputUnits":3,"inputs":{"0":{"dtype":"number","min":70.67796596033634,"max":477.89617873271163},"1":{"dtype":"number","min":183.17372887611586,"max":479.3252404512914},"2":{"dtype":"number","min":-0.0021430999040603638,"max":-0.00013490021228790283},"3":{"dtype":"number","min":102.97617989319855,"max":553.812522015302},"4":{"dtype":"number","min":191.07640288558025,"max":461.2774730526752},"5":{"dtype":"number","min":-25.587879180908203,"max":12.359500885009766},"6":{"dtype":"number","min":112.4420090706792,"max":609.617617958917},"7":{"dtype":"number","min":168.82199612285464,"max":410.15206988327975},"8":{"dtype":"number","min":-49.07564163208008,"max":16.861228942871094},"9":{"dtype":"number","min":115.8933740730144,"max":622.00581267099},"10":{"dtype":"number","min":135.42228277687332,"max":362.9157056158335},"11":{"dtype":"number","min":-70.26197052001953,"max":19.645111083984375},"12":{"dtype":"number","min":119.22979598668164,"max":624.8832663843475},"13":{"dtype":"number","min":113.43526336976986,"max":340.76944947210626},"14":{"dtype":"number","min":-89.84561920166016,"max":22.542715072631836},"15":{"dtype":"number","min":86.12361434384972,"max":576.0488400477586},"16":{"dtype":"number","min":77.30677736259183,"max":307.49449526567486},"17":{"dtype":"number","min":-53.47554397583008,"max":13.214881896972656},"18":{"dtype":"number","min":83.29461801690093,"max":603.2536937353123},"19":{"dtype":"number","min":41.95792493419317,"max":271.7632426999852},"20":{"dtype":"number","min":-93.899169921875,"max":11.383333206176758},"21":{"dtype":"number","min":81.54543927036427,"max":618.735440563403},"22":{"dtype":"number","min":46.08865960600903,"max":275.1604350925252},"23":{"dtype":"number","min":-99.15459442138672,"max":17.714187622070312},"24":{"dtype":"number","min":78.64127457802121,"max":628.8865132599724},"25":{"dtype":"number","min":5.386175334085976,"max":295.48662053158637},"26":{"dtype":"number","min":-88.13965606689453,"max":24.24534797668457},"27":{"dtype":"number","min":68.68229089735985,"max":526.8384056300422},"28":{"dtype":"number","min":74.99404514312559,"max":305.7543784452613},"29":{"dtype":"number","min":-54.801856994628906,"max":12.582132339477539},"30":{"dtype":"number","min":66.55987824424857,"max":540.245093526872},"31":{"dtype":"number","min":30.953813319236218,"max":255.15941963393283},"32":{"dtype":"number","min":-99.38712310791016,"max":12.551968574523926},"33":{"dtype":"number","min":64.77507356609098,"max":548.4585573948967},"34":{"dtype":"number","min":56.03636301139332,"max":282.9854660622539},"35":{"dtype":"number","min":-102.624755859375,"max":21.044696807861328},"36":{"dtype":"number","min":61.57028278343525,"max":551.8778831019196},"37":{"dtype":"number","min":-10.200386272615333,"max":300.50955384918905},"38":{"dtype":"number","min":-93.7466812133789,"max":27.037364959716797},"39":{"dtype":"number","min":47.84064514390951,"max":482.0730537649555},"40":{"dtype":"number","min":77.62787166138361,"max":313.47384060776767},"41":{"dtype":"number","min":-59.871665954589844,"max":10.412432670593262},"42":{"dtype":"number","min":29.01320494843972,"max":485.20515482608863},"43":{"dtype":"number","min":37.72564434043048,"max":260.51943099584196},"44":{"dtype":"number","min":-99.7991714477539,"max":12.834333419799805},"45":{"dtype":"number","min":29.85306217083665,"max":495.8256124799054},"46":{"dtype":"number","min":62.5108300291178,"max":280.37893324042017},"47":{"dtype":"number","min":-102.92424011230469,"max":20.266939163208008},"48":{"dtype":"number","min":31.227431497464778,"max":508.5599198576077},"49":{"dtype":"number","min":13.938007416739822,"max":305.67511496524395},"50":{"dtype":"number","min":-96.14635467529297,"max":24.313385009765625},"51":{"dtype":"number","min":12.44212700442776,"max":469.21565543943245},"52":{"dtype":"number","min":78.66882656493782,"max":330.7299015413595},"53":{"dtype":"number","min":-65.84838104248047,"max":7.333995342254639},"54":{"dtype":"number","min":-1.6525820054480107,"max":485.49053396801446},"55":{"dtype":"number","min":48.36366239766207,"max":293.7683924981706},"56":{"dtype":"number","min":-94.3661880493164,"max":10.662158966064453},"57":{"dtype":"number","min":5.395874993239914,"max":474.67117129179167},"58":{"dtype":"number","min":95.9454585039646,"max":284.13102339216766},"59":{"dtype":"number","min":-98.54712677001953,"max":14.758702278137207},"60":{"dtype":"number","min":1.8191769985483859,"max":465.45052244551005},"61":{"dtype":"number","min":62.621598300785365,"max":309.16346050483503},"62":{"dtype":"number","min":-97.62201690673828,"max":17.563190460205078}},"outputs":{"0":{"dtype":"string","min":0,"max":1,"uniqueValues":["i","m","c"],"legend":{"i":[1,0,0],"m":[0,1,0],"c":[0,0,1]}}},"isNormalized":true}